﻿Designator,Footprint,Quantity,Value,LCSC Part #
"C1, C2",CP_EIA-7343-31_Kemet-D_Pad2.25x2.55mm_HandSolder,2,68u,
C10,CAPPM7343X310N,1,TCJB226M025R0150,
C11,0805,1,10p,
C12,CP_EIA-7343-31_Kemet-D_Pad2.25x2.55mm_HandSolder,1,150uF,
C3,0805,1,0.22uF,
C4,0805,1,100n,
C5,0805,1,820p,
C6,0805,1,1uF,
C7,0805,1,15n,
C8,0805,1,0.1uF,
C9,CAPPM3216X180N,1,TCJA106M025R0150,
"D1, D3",D_SOD-323_HandSoldering,2,"CUS10S30,H3F",
D2,D_SOD-323_HandSoldering,1,"BAS316,115",
D4,D_SMC,1,B540C-13-F,
J1,"TerminalBlock_Phoenix_PT-1,5-2-5.0-H_1x02_P5.00mm_Horizontal",1,12V In,
J2,"TerminalBlock_Phoenix_PT-1,5-2-5.0-H_1x02_P5.00mm_Horizontal",1,Charge Current Out (to Rocket),
L1,HCMA0703-330-R,1,HCMA0703-330-R,
L2,IND_BOURNS_SRR1208,1,SRR1208-100ML,
Q1,SI4840BDY-T1-GE3,1,SI4840BDY-T1-GE3,
R1,0805,1,34k,
"R10, R5",0805,2,1k,
R11,0805,1,13.3k,
R2,0805,1,300R,
R3,0805,1,4.93k,
R4,0805,1,4.99k,
R6,0805,1,100R,
R7,0805,1,75k,
R8,0805,1,18k,
R9,0805,1,15m,
U1,SSOP-16_GN,1,LT1510-5IGN_PBF,
U2,SOIC-8_3.9x4.9mm_P1.27mm,1,LM3478MA,
